what,kind,bundleId,bundleVersion,description,time
started,bundle,org.eclipse.debug.ui,3.6.1.v20100901_r361,"org.eclipse.debug.ui",1504170152812
deactivated,workbench,org.eclipse.ui.workbench,3.6.1.M20100826-1330,"",1504170153338
activated,workbench,org.eclipse.ui.workbench,3.6.1.M20100826-1330,"",1504170166200
deactivated,workbench,org.eclipse.ui.workbench,3.6.1.M20100826-1330,"",1504170171819
activated,workbench,org.eclipse.ui.workbench,3.6.1.M20100826-1330,"",1504170171849
executed,command,org.eclipse.ui.ide,3.6.1.M20100825-0800,"org.eclipse.ui.project.buildAll",1504170194786
deactivated,workbench,org.eclipse.ui.workbench,3.6.1.M20100826-1330,"",1504170195090
activated,workbench,org.eclipse.ui.workbench,3.6.1.M20100826-1330,"",1504170222820
error,log,,,"Error",1504170224776
opened,editor,org.eclipse.cdt.ui,5.2.1.201009141542,"org.eclipse.cdt.ui.binaryEditor",1504170226675
activated,editor,org.eclipse.cdt.ui,5.2.1.201009141542,"org.eclipse.cdt.ui.binaryEditor",1504170226684
started,bundle,org.eclipse.cdt.debug.core,7.0.0.201009141542,"org.eclipse.cdt.debug.core",1504170228214
started,bundle,org.eclipse.cdt.debug.ui,7.0.0.201009141542,"org.eclipse.cdt.debug.ui",1504170228219
deactivated,workbench,org.eclipse.ui.workbench,3.6.1.M20100826-1330,"",1504170229172
activated,workbench,org.eclipse.ui.workbench,3.6.1.M20100826-1330,"",1504170230821
deactivated,workbench,org.eclipse.ui.workbench,3.6.1.M20100826-1330,"",1504170230845
activated,workbench,org.eclipse.ui.workbench,3.6.1.M20100826-1330,"",1504170234866
started,bundle,org.eclipse.cdt.launch,6.1.0.201009141542,"org.eclipse.cdt.launch",1504170238323
deactivated,workbench,org.eclipse.ui.workbench,3.6.1.M20100826-1330,"",1504170242155
activated,workbench,org.eclipse.ui.workbench,3.6.1.M20100826-1330,"",1504170242243
deactivated,workbench,org.eclipse.ui.workbench,3.6.1.M20100826-1330,"",1504170244229
activated,workbench,org.eclipse.ui.workbench,3.6.1.M20100826-1330,"",1504170249136
deactivated,workbench,org.eclipse.ui.workbench,3.6.1.M20100826-1330,"",1504170250691
activated,workbench,org.eclipse.ui.workbench,3.6.1.M20100826-1330,"",1504170253046
deactivated,workbench,org.eclipse.ui.workbench,3.6.1.M20100826-1330,"",1504170253091
activated,workbench,org.eclipse.ui.workbench,3.6.1.M20100826-1330,"",1504170255606
started,bundle,org.eclipse.cdt.dsf,2.1.0.201009141542,"org.eclipse.cdt.dsf",1504170259386
started,bundle,org.eclipse.cdt.dsf.gdb,3.0.0.201009141542,"org.eclipse.cdt.dsf.gdb",1504170259387
opened,view,com.altera.sbtgui.launch,11.0.0.157,"com.altera.sbtgui.launch.hardware.ByteStreamConsoleView",1504170263213
started,bundle,org.eclipse.cdt.debug.mi.ui,6.1.0.201009141542,"org.eclipse.cdt.debug.mi.ui",1504170263557
started,bundle,org.eclipse.cdt.debug.mi.core,7.0.1.201009141542,"org.eclipse.cdt.debug.mi.core",1504170263564
error,log,,,"Failed Executing: [nios2-download, '--cable=USB-Blaster on localhost [USB-0]', --device=1, --instance=0, --stop, --accept-bad-sysid, --sidp=0x0] return code: 4, 'other error'",1504170267787
error,log,,,"Failed Executing: [nios2-download, '--cable=USB-Blaster on localhost [USB-0]', --device=1, --instance=0, --go, --accept-bad-sysid, --sidp=0x0, /cygdrive/c/Users/Administrator.PC-20170619FMLM/Desktop/xaioxueqiziliao/wureji_gongcheng/software/AS/AS.elf] return code: 4, 'other error'",1504170273117
error,log,,,"Downloading ELF Process failed",1504170273124
deactivated,workbench,org.eclipse.ui.workbench,3.6.1.M20100826-1330,"",1504170273418
activated,workbench,org.eclipse.ui.workbench,3.6.1.M20100826-1330,"",1504170276725
activated,view,org.eclipse.ui.navigator.resources,3.4.201.M20100707-0800,"org.eclipse.ui.navigator.ProjectExplorer",1504170280318
opened,editor,org.eclipse.cdt.ui,5.2.1.201009141542,"org.eclipse.cdt.ui.editor.CEditor",1504170280406
activated,editor,org.eclipse.cdt.ui,5.2.1.201009141542,"org.eclipse.cdt.ui.editor.CEditor",1504170280520
activated,view,org.eclipse.ui.navigator.resources,3.4.201.M20100707-0800,"org.eclipse.ui.navigator.ProjectExplorer",1504170282658
activated,editor,org.eclipse.cdt.ui,5.2.1.201009141542,"org.eclipse.cdt.ui.binaryEditor",1504170282823
deactivated,workbench,org.eclipse.ui.workbench,3.6.1.M20100826-1330,"",1504170294215
activated,workbench,org.eclipse.ui.workbench,3.6.1.M20100826-1330,"",1504170303519
deactivated,workbench,org.eclipse.ui.workbench,3.6.1.M20100826-1330,"",1504170305008
activated,workbench,org.eclipse.ui.workbench,3.6.1.M20100826-1330,"",1504170306543
closed,workbench,org.eclipse.ui.workbench,3.6.1.M20100826-1330,"",1504170306738
started,bundle,org.eclipse.compare,3.5.100.I20100526-0800,"org.eclipse.compare",1504170306955
stopped,bundle,org.eclipse.cdt.debug.mi.ui,6.1.0.201009141542,"org.eclipse.cdt.debug.mi.ui",1504170307048
stopped,bundle,com.altera.debug.cdi.gdb.plugin,11.0.0.157,"com.altera.debug.cdi.gdb.plugin",1504170307048
stopped,bundle,com.altera.sbtgui.launch,11.0.0.157,"com.altera.sbtgui.launch",1504170307048
stopped,bundle,org.eclipse.cdt.debug.mi.core,7.0.1.201009141542,"org.eclipse.cdt.debug.mi.core",1504170307048
stopped,bundle,org.eclipse.cdt.debug.ui.memory.memorybrowser,1.2.0.201009141542,"org.eclipse.cdt.debug.ui.memory.memorybrowser",1504170307049
stopped,bundle,org.eclipse.cdt.debug.ui.memory.search,1.2.0.201009141542,"org.eclipse.cdt.debug.ui.memory.search",1504170307050
stopped,bundle,org.eclipse.cdt.dsf.gdb.ui,2.1.0.201009141542,"org.eclipse.cdt.dsf.gdb.ui",1504170307050
stopped,bundle,org.eclipse.cdt.dsf.ui,2.1.1.201009141542,"org.eclipse.cdt.dsf.ui",1504170307051
stopped,bundle,org.eclipse.cdt.gdb.ui,7.0.0.201009141542,"org.eclipse.cdt.gdb.ui",1504170307051
stopped,bundle,org.eclipse.cdt.dsf.gdb,3.0.0.201009141542,"org.eclipse.cdt.dsf.gdb",1504170307052
stopped,bundle,com.altera.sbtgui.ui,11.0.0.157,"com.altera.sbtgui.ui",1504170307052
stopped,bundle,com.altera.sbtgui.project,11.0.0.157,"com.altera.sbtgui.project",1504170307052
stopped,bundle,org.eclipse.cdt.launch,6.1.0.201009141542,"org.eclipse.cdt.launch",1504170307052
stopped,bundle,org.eclipse.cdt.debug.ui,7.0.0.201009141542,"org.eclipse.cdt.debug.ui",1504170307052
stopped,bundle,org.eclipse.cdt.debug.ui.memory.traditional,1.2.0.201009141542,"org.eclipse.cdt.debug.ui.memory.traditional",1504170307053
stopped,bundle,org.eclipse.cdt.dsf,2.1.0.201009141542,"org.eclipse.cdt.dsf",1504170307053
stopped,bundle,org.eclipse.cdt.debug.core,7.0.0.201009141542,"org.eclipse.cdt.debug.core",1504170307053
stopped,bundle,org.eclipse.cdt.managedbuilder.ui,7.0.0.201009141542,"org.eclipse.cdt.managedbuilder.ui",1504170307054
stopped,bundle,org.eclipse.cdt.make.ui,7.0.0.201009141542,"org.eclipse.cdt.make.ui",1504170307054
stopped,bundle,org.eclipse.cdt.managedbuilder.gnu.ui,7.0.0.201009141542,"org.eclipse.cdt.managedbuilder.gnu.ui",1504170307054
stopped,bundle,org.eclipse.cdt.managedbuilder.core,7.0.1.201009141542,"org.eclipse.cdt.managedbuilder.core",1504170307054
stopped,bundle,org.eclipse.cdt.make.core,7.0.0.201009141542,"org.eclipse.cdt.make.core",1504170307054
stopped,bundle,org.eclipse.cdt.mylyn.ui,1.1.3.v20100909-0100-e3x,"org.eclipse.cdt.mylyn.ui",1504170307054
stopped,bundle,com.altera.sbtgui.flash.plugin,11.0.0.157,"com.altera.sbtgui.flash.plugin",1504170307055
stopped,bundle,com.altera.sbtgui.gprof,11.0.0.157,"com.altera.sbtgui.gprof",1504170307055
stopped,bundle,com.altera.sbtgui.core,11.0.0.157,"com.altera.sbtgui.core",1504170307055
stopped,bundle,org.eclipse.cdt.ui,5.2.1.201009141542,"org.eclipse.cdt.ui",1504170307055
stopped,bundle,org.eclipse.cdt.core,5.2.1.201009141542,"org.eclipse.cdt.core",1504170307056
stopped,bundle,org.eclipse.compare.win32,1.0.100.I20100505-1245,"org.eclipse.compare.win32",1504170307057
stopped,bundle,org.eclipse.equinox.p2.ui.sdk,1.0.100.v20100513,"org.eclipse.equinox.p2.ui.sdk",1504170307057
stopped,bundle,org.eclipse.search,3.6.0.v20100520-0800,"org.eclipse.search",1504170307061
stopped,bundle,org.eclipse.mylyn.team.ui,3.4.2.v20100909-0100-e3x,"org.eclipse.mylyn.team.ui",1504170307061
stopped,bundle,org.eclipse.ui.navigator.resources,3.4.201.M20100707-0800,"org.eclipse.ui.navigator.resources",1504170307061
stopped,bundle,org.eclipse.ltk.ui.refactoring,3.5.0.v20100526-0800,"org.eclipse.ltk.ui.refactoring",1504170307063
stopped,bundle,org.eclipse.mylyn.bugzilla.ui,3.4.2.v20100909-0100-e3x,"org.eclipse.mylyn.bugzilla.ui",1504170307063
stopped,bundle,org.eclipse.mylyn.ide.ui,3.4.0.v20100608-0100-e3x,"org.eclipse.mylyn.ide.ui",1504170307064
stopped,bundle,org.eclipse.mylyn.resources.ui,3.4.1.v20100909-0100-e3x,"org.eclipse.mylyn.resources.ui",1504170307064
stopped,bundle,org.eclipse.mylyn.wikitext.tasks.ui,1.3.1.v20100823-0100-e3x,"org.eclipse.mylyn.wikitext.tasks.ui",1504170307065
stopped,bundle,org.eclipse.mylyn.context.ui,3.4.1.v20100909-0100-e3x,"org.eclipse.mylyn.context.ui",1504170307065
stopped,bundle,org.eclipse.mylyn.help.ui,3.4.1.v20100823-0100-e3x,"org.eclipse.mylyn.help.ui",1504170307066
stopped,bundle,org.eclipse.mylyn.tasks.bugs,3.4.1.v20100823-0100-e3x,"org.eclipse.mylyn.tasks.bugs",1504170307067
stopped,bundle,org.eclipse.mylyn.tasks.ui,3.4.2.v20100902-0100-e3x,"org.eclipse.mylyn.tasks.ui",1504170307067
stopped,bundle,org.eclipse.team.cvs.ui,3.3.301.R36x_v20100825-0800,"org.eclipse.team.cvs.ui",1504170307067
stopped,bundle,org.eclipse.team.ui,3.5.101.R36x_v20100825-0800,"org.eclipse.team.ui",1504170307067
stopped,bundle,org.eclipse.compare,3.5.100.I20100526-0800,"org.eclipse.compare",1504170307067
stopped,bundle,org.eclipse.cdt.debug.ui.memory.transport,2.1.0.201009141542,"org.eclipse.cdt.debug.ui.memory.transport",1504170307067
stopped,bundle,org.eclipse.ui.externaltools,3.2.0.v20100427,"org.eclipse.ui.externaltools",1504170307068
stopped,bundle,org.eclipse.debug.ui,3.6.1.v20100901_r361,"org.eclipse.debug.ui",1504170307070
activated,perspective,com.altera.sbtgui.ui,,"com.altera.sbtgui.ui.cPerspective",1504230763931
started,bundle,org.eclipse.osgi,3.6.1.R36x_v20100806,"org.eclipse.osgi",1504230763932
started,bundle,org.eclipse.equinox.simpleconfigurator,1.0.200.v20100503,"org.eclipse.equinox.simpleconfigurator",1504230763946
started,bundle,com.ibm.icu,4.2.1.v20100412,"com.ibm.icu",1504230763952
started,bundle,org.eclipse.cdt.core,5.2.1.201009141542,"org.eclipse.cdt.core",1504230763952
started,bundle,org.eclipse.cdt.make.core,7.0.0.201009141542,"org.eclipse.cdt.make.core",1504230763962
started,bundle,org.eclipse.cdt.make.ui,7.0.0.201009141542,"org.eclipse.cdt.make.ui",1504230763969
started,bundle,org.eclipse.cdt.managedbuilder.core,7.0.1.201009141542,"org.eclipse.cdt.managedbuilder.core",1504230763970
started,bundle,org.eclipse.cdt.managedbuilder.gnu.ui,7.0.0.201009141542,"org.eclipse.cdt.managedbuilder.gnu.ui",1504230763971
started,bundle,org.eclipse.cdt.ui,5.2.1.201009141542,"org.eclipse.cdt.ui",1504230763984
started,bundle,org.eclipse.core.contenttype,3.4.100.v20100505-1235,"org.eclipse.core.contenttype",1504230763985
started,bundle,org.eclipse.core.databinding.observable,1.3.0.I20100601-0800,"org.eclipse.core.databinding.observable",1504230763995
started,bundle,org.eclipse.core.expressions,3.4.200.v20100505,"org.eclipse.core.expressions",1504230764000
started,bundle,org.eclipse.core.filebuffers,3.5.100.v20100520-0800,"org.eclipse.core.filebuffers",1504230764000
started,bundle,org.eclipse.core.filesystem,1.3.1.R36x_v20100727-0745,"org.eclipse.core.filesystem",1504230764000
started,bundle,org.eclipse.core.jobs,3.5.1.R36x_v20100824,"org.eclipse.core.jobs",1504230764002
started,bundle,org.eclipse.core.net,1.2.100.I20100511-0800,"org.eclipse.core.net",1504230764004
started,bundle,org.eclipse.core.resources,3.6.0.R36x_v20100825-0600,"org.eclipse.core.resources",1504230764006
started,bundle,org.eclipse.core.runtime,3.6.0.v20100505,"org.eclipse.core.runtime",1504230764013
started,bundle,org.eclipse.core.runtime.compatibility,3.2.100.v20100505,"org.eclipse.core.runtime.compatibility",1504230764014
started,bundle,org.eclipse.core.runtime.compatibility.auth,3.2.200.v20100517,"org.eclipse.core.runtime.compatibility.auth",1504230764014
started,bundle,org.eclipse.core.variables,3.2.400.v20100505,"org.eclipse.core.variables",1504230764015
started,bundle,org.eclipse.debug.core,3.6.0.v20100519,"org.eclipse.debug.core",1504230764016
started,bundle,org.eclipse.epp.usagedata.gathering,1.3.0.R201005261100,"org.eclipse.epp.usagedata.gathering",1504230764017
started,bundle,org.eclipse.epp.usagedata.recording,1.3.0.R201005261100,"org.eclipse.epp.usagedata.recording",1504230764018
started,bundle,org.eclipse.equinox.app,1.3.1.R36x_v20100803,"org.eclipse.equinox.app",1504230764048
started,bundle,org.eclipse.equinox.common,3.6.0.v20100503,"org.eclipse.equinox.common",1504230764049
started,bundle,org.eclipse.equinox.ds,1.2.1.R36x_v20100803,"org.eclipse.equinox.ds",1504230764050
started,bundle,org.eclipse.equinox.event,1.2.0.v20100503,"org.eclipse.equinox.event",1504230764051
started,bundle,org.eclipse.equinox.p2.core,2.0.2.R36x_v20100804,"org.eclipse.equinox.p2.core",1504230764056
started,bundle,org.eclipse.equinox.p2.directorywatcher,1.0.202.R36x_v20100727,"org.eclipse.equinox.p2.directorywatcher",1504230764056
started,bundle,org.eclipse.equinox.p2.engine,2.0.0.v20100606,"org.eclipse.equinox.p2.engine",1504230764060
started,bundle,org.eclipse.equinox.p2.metadata,2.0.0.v20100601,"org.eclipse.equinox.p2.metadata",1504230764064
started,bundle,org.eclipse.equinox.p2.metadata.repository,1.1.0.v20100513,"org.eclipse.equinox.p2.metadata.repository",1504230764065
started,bundle,org.eclipse.equinox.p2.operations,2.0.0.v20100510,"org.eclipse.equinox.p2.operations",1504230764067
started,bundle,org.eclipse.equinox.p2.reconciler.dropins,1.1.0.v20100525,"org.eclipse.equinox.p2.reconciler.dropins",1504230764070
started,bundle,org.eclipse.equinox.p2.repository,2.0.1.R36x_v20100823,"org.eclipse.equinox.p2.repository",1504230764074
started,bundle,org.eclipse.equinox.p2.ui.sdk.scheduler,1.0.0.v20100507-1815,"org.eclipse.equinox.p2.ui.sdk.scheduler",1504230764077
started,bundle,org.eclipse.equinox.p2.updatechecker,1.1.101.R36x_v20100823,"org.eclipse.equinox.p2.updatechecker",1504230764082
started,bundle,org.eclipse.equinox.preferences,3.3.0.v20100503,"org.eclipse.equinox.preferences",1504230764084
started,bundle,org.eclipse.equinox.registry,3.5.0.v20100503,"org.eclipse.equinox.registry",1504230764085
started,bundle,org.eclipse.equinox.security,1.0.200.v20100503,"org.eclipse.equinox.security",1504230764089
started,bundle,org.eclipse.equinox.util,1.0.200.v20100503,"org.eclipse.equinox.util",1504230764090
started,bundle,org.eclipse.help,3.5.0.v20100524,"org.eclipse.help",1504230764093
started,bundle,org.eclipse.jface,3.6.1.M20100825-0800,"org.eclipse.jface",1504230764096
started,bundle,org.eclipse.jsch.core,1.1.200.I20100505-1245,"org.eclipse.jsch.core",1504230764106
started,bundle,org.eclipse.ltk.core.refactoring,3.5.100.v20100526-0800,"org.eclipse.ltk.core.refactoring",1504230764107
started,bundle,org.eclipse.mylyn.bugzilla.core,3.4.2.v20100902-0100-e3x,"org.eclipse.mylyn.bugzilla.core",1504230764114
started,bundle,org.eclipse.mylyn.bugzilla.ui,3.4.2.v20100909-0100-e3x,"org.eclipse.mylyn.bugzilla.ui",1504230764116
started,bundle,org.eclipse.mylyn.commons.net,3.4.1.v20100625-2100-e3x,"org.eclipse.mylyn.commons.net",1504230764116
started,bundle,org.eclipse.mylyn.commons.ui,3.4.0.v20100608-0100-e3x,"org.eclipse.mylyn.commons.ui",1504230764119
started,bundle,org.eclipse.mylyn.context.core,3.4.1.v20100909-0100-e3x,"org.eclipse.mylyn.context.core",1504230764120
started,bundle,org.eclipse.mylyn.context.ui,3.4.1.v20100909-0100-e3x,"org.eclipse.mylyn.context.ui",1504230764125
started,bundle,org.eclipse.mylyn.monitor.ui,3.4.0.v20100608-0100-e3x,"org.eclipse.mylyn.monitor.ui",1504230764125
started,bundle,org.eclipse.mylyn.tasks.ui,3.4.2.v20100902-0100-e3x,"org.eclipse.mylyn.tasks.ui",1504230764132
started,bundle,org.eclipse.mylyn.team.ui,3.4.2.v20100909-0100-e3x,"org.eclipse.mylyn.team.ui",1504230764136
started,bundle,org.eclipse.team.core,3.5.100.R36x_v20100825-0800,"org.eclipse.team.core",1504230764145
started,bundle,org.eclipse.team.cvs.core,3.3.300.I20100526-0800,"org.eclipse.team.cvs.core",1504230764149
started,bundle,org.eclipse.team.cvs.ui,3.3.301.R36x_v20100825-0800,"org.eclipse.team.cvs.ui",1504230764156
started,bundle,org.eclipse.team.ui,3.5.101.R36x_v20100825-0800,"org.eclipse.team.ui",1504230764159
started,bundle,org.eclipse.ui,3.6.1.M20100826-1330,"org.eclipse.ui",1504230764173
started,bundle,org.eclipse.ui.console,3.5.0.v20100526,"org.eclipse.ui.console",1504230764178
started,bundle,org.eclipse.ui.editors,3.6.1.r361_v20100825-0800,"org.eclipse.ui.editors",1504230764181
started,bundle,org.eclipse.ui.forms,3.5.2.r36_v20100702,"org.eclipse.ui.forms",1504230764187
started,bundle,org.eclipse.ui.ide,3.6.1.M20100825-0800,"org.eclipse.ui.ide",1504230764201
started,bundle,org.eclipse.ui.navigator,3.5.0.I20100601-0800,"org.eclipse.ui.navigator",1504230764209
started,bundle,org.eclipse.ui.navigator.resources,3.4.201.M20100707-0800,"org.eclipse.ui.navigator.resources",1504230764219
started,bundle,org.eclipse.ui.net,1.2.100.I20100505-1245,"org.eclipse.ui.net",1504230764220
started,bundle,org.eclipse.ui.views,3.5.0.I20100527-0800,"org.eclipse.ui.views",1504230764221
started,bundle,org.eclipse.ui.workbench,3.6.1.M20100826-1330,"org.eclipse.ui.workbench",1504230764239
started,bundle,org.eclipse.ui.workbench.texteditor,3.6.1.r361_v20100714-0800,"org.eclipse.ui.workbench.texteditor",1504230764251
started,bundle,org.eclipse.update.configurator,3.3.100.v20100512,"org.eclipse.update.configurator",1504230764252
started,bundle,org.eclipse.update.core,3.2.402.R36x_v20100629,"org.eclipse.update.core",1504230764253
started,bundle,org.eclipse.update.scheduler,3.2.300.v20100512,"org.eclipse.update.scheduler",1504230764259
started,bundle,com.altera.sbtgui.integration,11.0.0.157,"com.altera.sbtgui.integration",1504230764259
started,bundle,com.altera.sbtgui.project,11.0.0.157,"com.altera.sbtgui.project",1504230764260
started,bundle,com.altera.systemconsole,11.0.0.157,"com.altera.systemconsole",1504230764260
started,bundle,com.altera.utilities,11.0.0.157,"com.altera.utilities",1504230764260
os,sysinfo,,,"win32",1504230764263
arch,sysinfo,,,"x86",1504230764263
ws,sysinfo,,,"win32",1504230764263
locale,sysinfo,,,"zh_CN",1504230764263
processors,sysinfo,,,"4",1504230764263
java.runtime.name,sysinfo,,,"Java(TM) SE Runtime Environment",1504230764263
java.runtime.version,sysinfo,,,"1.6.0_23-b05",1504230764263
java.specification.name,sysinfo,,,"Java Platform API Specification",1504230764263
java.specification.vendor,sysinfo,,,"Sun Microsystems Inc.",1504230764263
java.specification.version,sysinfo,,,"1.6",1504230764263
java.vendor,sysinfo,,,"Sun Microsystems Inc.",1504230764263
java.version,sysinfo,,,"1.6.0_23",1504230764263
java.vm.info,sysinfo,,,"mixed mode",1504230764263
java.vm.name,sysinfo,,,"Java HotSpot(TM) Client VM",1504230764263
java.vm.specification.name,sysinfo,,,"Java Virtual Machine Specification",1504230764263
java.vm.specification.vendor,sysinfo,,,"Sun Microsystems Inc.",1504230764263
java.vm.specification.version,sysinfo,,,"1.0",1504230764263
java.vm.vendor,sysinfo,,,"Sun Microsystems Inc.",1504230764263
java.vm.version,sysinfo,,,"19.0-b09",1504230764263
started,bundle,com.altera.sbtgui.launch,11.0.0.157,"com.altera.sbtgui.launch",1504230764289
activated,view,org.eclipse.ui.navigator.resources,3.4.201.M20100707-0800,"org.eclipse.ui.navigator.ProjectExplorer",1504230766530
started,bundle,com.altera.sbtgui.core,11.0.0.157,"com.altera.sbtgui.core",1504230767239
started,bundle,org.eclipse.search,3.6.0.v20100520-0800,"org.eclipse.search",1504230767418
started,bundle,org.eclipse.compare,3.5.100.I20100526-0800,"org.eclipse.compare",1504230767650
started,bundle,org.eclipse.debug.ui,3.6.1.v20100901_r361,"org.eclipse.debug.ui",1504230769798
started,bundle,org.eclipse.cdt.debug.core,7.0.0.201009141542,"org.eclipse.cdt.debug.core",1504230769927
started,bundle,org.eclipse.cdt.debug.ui,7.0.0.201009141542,"org.eclipse.cdt.debug.ui",1504230769964
activated,view,org.eclipse.ui.console,3.5.0.v20100526,"org.eclipse.ui.console.ConsoleView",1504230772352
started,bundle,org.eclipse.core.databinding,1.3.100.I20100601-0800,"org.eclipse.core.databinding",1504230773890
started,bundle,org.eclipse.core.databinding.property,1.3.0.I20100601-0800,"org.eclipse.core.databinding.property",1504230773928
deactivated,workbench,org.eclipse.ui.workbench,3.6.1.M20100826-1330,"",1504230774006
started,bundle,org.eclipse.cdt.dsf.gdb.ui,2.1.0.201009141542,"org.eclipse.cdt.dsf.gdb.ui",1504230774097
activated,workbench,org.eclipse.ui.workbench,3.6.1.M20100826-1330,"",1504230779281
executed,command,com.altera.sbtgui.project,11.0.0.157,"com.altera.sbtgui.popupmenu.sync",1504230780865
activated,view,org.eclipse.ui.navigator.resources,3.4.201.M20100707-0800,"org.eclipse.ui.navigator.ProjectExplorer",1504230780956
activated,editor,org.eclipse.cdt.ui,5.2.1.201009141542,"org.eclipse.cdt.ui.binaryEditor",1504230780965
activated,view,org.eclipse.ui.navigator.resources,3.4.201.M20100707-0800,"org.eclipse.ui.navigator.ProjectExplorer",1504230780983
deactivated,workbench,org.eclipse.ui.workbench,3.6.1.M20100826-1330,"",1504230784921
activated,workbench,org.eclipse.ui.workbench,3.6.1.M20100826-1330,"",1504230789600
deactivated,workbench,org.eclipse.ui.workbench,3.6.1.M20100826-1330,"",1504230793259
activated,workbench,org.eclipse.ui.workbench,3.6.1.M20100826-1330,"",1504230794248
deactivated,workbench,org.eclipse.ui.workbench,3.6.1.M20100826-1330,"",1504230794269
activated,workbench,org.eclipse.ui.workbench,3.6.1.M20100826-1330,"",1504230796109
activated,editor,org.eclipse.cdt.ui,5.2.1.201009141542,"org.eclipse.cdt.ui.binaryEditor",1504230808418
started,bundle,org.eclipse.compare.core,3.5.100.I20100526-0800,"org.eclipse.compare.core",1504230809893
opened,editor,org.eclipse.cdt.ui,5.2.1.201009141542,"org.eclipse.cdt.ui.editor.CEditor",1504230809915
started,bundle,org.eclipse.ltk.ui.refactoring,3.5.0.v20100526-0800,"org.eclipse.ltk.ui.refactoring",1504230809951
activated,editor,org.eclipse.cdt.ui,5.2.1.201009141542,"org.eclipse.cdt.ui.editor.CEditor",1504230810216
deactivated,workbench,org.eclipse.ui.workbench,3.6.1.M20100826-1330,"",1504230817071
activated,workbench,org.eclipse.ui.workbench,3.6.1.M20100826-1330,"",1504230819275
deactivated,workbench,org.eclipse.ui.workbench,3.6.1.M20100826-1330,"",1504230819309
activated,workbench,org.eclipse.ui.workbench,3.6.1.M20100826-1330,"",1504230838082
started,bundle,org.eclipse.cdt.launch,6.1.0.201009141542,"org.eclipse.cdt.launch",1504230839430
started,bundle,org.eclipse.cdt.dsf,2.1.0.201009141542,"org.eclipse.cdt.dsf",1504230841726
started,bundle,org.eclipse.cdt.dsf.gdb,3.0.0.201009141542,"org.eclipse.cdt.dsf.gdb",1504230841727
opened,view,com.altera.sbtgui.launch,11.0.0.157,"com.altera.sbtgui.launch.hardware.ByteStreamConsoleView",1504230845347
started,bundle,org.eclipse.cdt.debug.mi.ui,6.1.0.201009141542,"org.eclipse.cdt.debug.mi.ui",1504230845887
started,bundle,org.eclipse.cdt.debug.mi.core,7.0.1.201009141542,"org.eclipse.cdt.debug.mi.core",1504230845914
activated,view,com.altera.sbtgui.launch,11.0.0.157,"com.altera.sbtgui.launch.hardware.ByteStreamConsoleView",1504230857450
activated,editor,org.eclipse.cdt.ui,5.2.1.201009141542,"org.eclipse.cdt.ui.editor.CEditor",1504230869685
activated,view,org.eclipse.ui.navigator.resources,3.4.201.M20100707-0800,"org.eclipse.ui.navigator.ProjectExplorer",1504230902263
deactivated,workbench,org.eclipse.ui.workbench,3.6.1.M20100826-1330,"",1504230903751
activated,workbench,org.eclipse.ui.workbench,3.6.1.M20100826-1330,"",1504230905449
deactivated,workbench,org.eclipse.ui.workbench,3.6.1.M20100826-1330,"",1504230905495
activated,workbench,org.eclipse.ui.workbench,3.6.1.M20100826-1330,"",1504230908214
activated,view,com.altera.sbtgui.launch,11.0.0.157,"com.altera.sbtgui.launch.hardware.ByteStreamConsoleView",1504230912764
activated,view,org.eclipse.ui.console,3.5.0.v20100526,"org.eclipse.ui.console.ConsoleView",1504230916619
activated,view,com.altera.sbtgui.launch,11.0.0.157,"com.altera.sbtgui.launch.hardware.ByteStreamConsoleView",1504230922720
deactivated,workbench,org.eclipse.ui.workbench,3.6.1.M20100826-1330,"",1504231414654
activated,workbench,org.eclipse.ui.workbench,3.6.1.M20100826-1330,"",1504231556750
deactivated,workbench,org.eclipse.ui.workbench,3.6.1.M20100826-1330,"",1504231559237
activated,workbench,org.eclipse.ui.workbench,3.6.1.M20100826-1330,"",1504231567527
activated,view,org.eclipse.ui.navigator.resources,3.4.201.M20100707-0800,"org.eclipse.ui.navigator.ProjectExplorer",1504231568635
deactivated,workbench,org.eclipse.ui.workbench,3.6.1.M20100826-1330,"",1504231574739
activated,workbench,org.eclipse.ui.workbench,3.6.1.M20100826-1330,"",1504231576438
executed,command,org.eclipse.ltk.ui.refactoring,3.5.0.v20100526-0800,"org.eclipse.ltk.ui.refactoring.commands.deleteResources",1504231576451
executed,command,org.eclipse.ui,3.6.1.M20100826-1330,"org.eclipse.ui.edit.delete",1504231576451
deactivated,workbench,org.eclipse.ui.workbench,3.6.1.M20100826-1330,"",1504231580408
closed,editor,org.eclipse.cdt.ui,5.2.1.201009141542,"org.eclipse.cdt.ui.editor.CEditor",1504231581764
started,bundle,org.eclipse.cdt.mylyn.ui,1.1.3.v20100909-0100-e3x,"org.eclipse.cdt.mylyn.ui",1504231581780
activated,workbench,org.eclipse.ui.workbench,3.6.1.M20100826-1330,"",1504231581852
executed,command,org.eclipse.ltk.ui.refactoring,3.5.0.v20100526-0800,"org.eclipse.ltk.ui.refactoring.commands.deleteResources",1504231581891
executed,command,org.eclipse.ui,3.6.1.M20100826-1330,"org.eclipse.ui.edit.delete",1504231581891
activated,editor,org.eclipse.cdt.ui,5.2.1.201009141542,"org.eclipse.cdt.ui.binaryEditor",1504231583889
activated,view,org.eclipse.ui.navigator.resources,3.4.201.M20100707-0800,"org.eclipse.ui.navigator.ProjectExplorer",1504231583925
closed,editor,org.eclipse.cdt.ui,5.2.1.201009141542,"org.eclipse.cdt.ui.binaryEditor",1504231583925
deactivated,workbench,org.eclipse.ui.workbench,3.6.1.M20100826-1330,"",1504231587386
activated,workbench,org.eclipse.ui.workbench,3.6.1.M20100826-1330,"",1504231588592
closed,workbench,org.eclipse.ui.workbench,3.6.1.M20100826-1330,"",1504231588742
stopped,bundle,org.eclipse.cdt.debug.mi.ui,6.1.0.201009141542,"org.eclipse.cdt.debug.mi.ui",1504231589069
stopped,bundle,com.altera.debug.cdi.gdb.plugin,11.0.0.157,"com.altera.debug.cdi.gdb.plugin",1504231589069
stopped,bundle,com.altera.sbtgui.launch,11.0.0.157,"com.altera.sbtgui.launch",1504231590069
stopped,bundle,org.eclipse.cdt.debug.mi.core,7.0.1.201009141542,"org.eclipse.cdt.debug.mi.core",1504231590069
stopped,bundle,org.eclipse.cdt.debug.ui.memory.memorybrowser,1.2.0.201009141542,"org.eclipse.cdt.debug.ui.memory.memorybrowser",1504231590070
stopped,bundle,org.eclipse.cdt.debug.ui.memory.search,1.2.0.201009141542,"org.eclipse.cdt.debug.ui.memory.search",1504231590070
stopped,bundle,org.eclipse.cdt.dsf.gdb.ui,2.1.0.201009141542,"org.eclipse.cdt.dsf.gdb.ui",1504231590070
stopped,bundle,org.eclipse.cdt.dsf.ui,2.1.1.201009141542,"org.eclipse.cdt.dsf.ui",1504231590071
